<NotepadPlus>
    <Session activeView="0">
        <mainView activeIndex="14">
            <File firstVisibleLine="0" xOffset="0" scrollWidth="1" startPos="922" endPos="0" selMode="0" offset="0" wrapCount="1" lang="Normal Text" encoding="-1" userReadOnly="no" filename="C:\Users\sabhijit\Downloads\change.txt" backupFilePath="" originalFileLastModifTimestamp="-1090248008" originalFileLastModifTimestampHigh="30845625" mapFirstVisibleDisplayLine="-1" mapFirstVisibleDocLine="-1" mapLastVisibleDocLine="-1" mapNbLine="-1" mapHigherPos="-1" mapWidth="-1" mapHeight="-1" mapKByteInDoc="2069116560" mapWrapIndentMode="-1" mapIsWrap="no" />
            <File firstVisibleLine="2149" xOffset="0" scrollWidth="5096" startPos="187931" endPos="187931" selMode="0" offset="0" wrapCount="1" lang="Normal Text" encoding="-1" userReadOnly="no" filename="new 2" backupFilePath="C:\Users\sabhijit\AppData\Roaming\Notepad++\backup\new 2@2020-10-16_151443" originalFileLastModifTimestamp="0" originalFileLastModifTimestampHigh="0" mapFirstVisibleDisplayLine="-1" mapFirstVisibleDocLine="-1" mapLastVisibleDocLine="-1" mapNbLine="-1" mapHigherPos="-1" mapWidth="-1" mapHeight="-1" mapKByteInDoc="1149583360" mapWrapIndentMode="-1" mapIsWrap="no" />
            <File firstVisibleLine="21" xOffset="0" scrollWidth="1" startPos="1165" endPos="1171" selMode="0" offset="0" wrapCount="1" lang="Normal Text" encoding="-1" userReadOnly="no" filename="C:\Users\sabhijit\Documents\mamu\doubts.txt" backupFilePath="C:\Users\sabhijit\AppData\Roaming\Notepad++\backup\doubts.txt@2020-10-19_131320" originalFileLastModifTimestamp="-2047054453" originalFileLastModifTimestampHigh="30844392" mapFirstVisibleDisplayLine="-1" mapFirstVisibleDocLine="-1" mapLastVisibleDocLine="-1" mapNbLine="-1" mapHigherPos="-1" mapWidth="-1" mapHeight="-1" mapKByteInDoc="0" mapWrapIndentMode="-1" mapIsWrap="no" />
            <File firstVisibleLine="0" xOffset="0" scrollWidth="2028" startPos="1371" endPos="1371" selMode="0" offset="0" wrapCount="1" lang="Normal Text" encoding="-1" userReadOnly="no" filename="C:\Users\sabhijit\Documents\attendence_74.txt" backupFilePath="C:\Users\sabhijit\AppData\Roaming\Notepad++\backup\attendence_74.txt@2020-10-20_104751" originalFileLastModifTimestamp="-2020553282" originalFileLastModifTimestampHigh="30844468" mapFirstVisibleDisplayLine="-1" mapFirstVisibleDocLine="-1" mapLastVisibleDocLine="-1" mapNbLine="-1" mapHigherPos="-1" mapWidth="-1" mapHeight="-1" mapKByteInDoc="1149902848" mapWrapIndentMode="-1" mapIsWrap="no" />
            <File firstVisibleLine="0" xOffset="0" scrollWidth="8788" startPos="146" endPos="182" selMode="0" offset="0" wrapCount="1" lang="Normal Text" encoding="-1" userReadOnly="no" filename="new 4" backupFilePath="C:\Users\sabhijit\AppData\Roaming\Notepad++\backup\new 4@2020-10-20_104806" originalFileLastModifTimestamp="0" originalFileLastModifTimestampHigh="0" mapFirstVisibleDisplayLine="-1" mapFirstVisibleDocLine="-1" mapLastVisibleDocLine="-1" mapNbLine="-1" mapHigherPos="-1" mapWidth="-1" mapHeight="-1" mapKByteInDoc="1152245760" mapWrapIndentMode="-1" mapIsWrap="no" />
            <File firstVisibleLine="0" xOffset="0" scrollWidth="8788" startPos="18" endPos="34" selMode="0" offset="0" wrapCount="1" lang="Normal Text" encoding="-1" userReadOnly="no" filename="new 5" backupFilePath="C:\Users\sabhijit\AppData\Roaming\Notepad++\backup\new 5@2020-10-20_165006" originalFileLastModifTimestamp="0" originalFileLastModifTimestampHigh="0" mapFirstVisibleDisplayLine="-1" mapFirstVisibleDocLine="-1" mapLastVisibleDocLine="-1" mapNbLine="-1" mapHigherPos="-1" mapWidth="-1" mapHeight="-1" mapKByteInDoc="1149583360" mapWrapIndentMode="-1" mapIsWrap="no" />
            <File firstVisibleLine="219" xOffset="0" scrollWidth="8788" startPos="79161" endPos="79161" selMode="0" offset="0" wrapCount="1" lang="Normal Text" encoding="-1" userReadOnly="no" filename="C:\Users\sabhijit\Downloads\Log_1603276602.txt" backupFilePath="C:\Users\sabhijit\AppData\Roaming\Notepad++\backup\Log_1603276602.txt@2020-10-21_161212" originalFileLastModifTimestamp="-613001071" originalFileLastModifTimestampHigh="30844821" mapFirstVisibleDisplayLine="-1" mapFirstVisibleDocLine="-1" mapLastVisibleDocLine="-1" mapNbLine="-1" mapHigherPos="-1" mapWidth="-1" mapHeight="-1" mapKByteInDoc="1149583360" mapWrapIndentMode="-1" mapIsWrap="no" />
            <File firstVisibleLine="42" xOffset="0" scrollWidth="1836" startPos="1413" endPos="1417" selMode="0" offset="0" wrapCount="1" lang="Normal Text" encoding="-1" userReadOnly="no" filename="C:\Users\sabhijit\Desktop\desktop\CHSetup.txt" backupFilePath="" originalFileLastModifTimestamp="-1023516246" originalFileLastModifTimestampHigh="30812384" mapFirstVisibleDisplayLine="-1" mapFirstVisibleDocLine="-1" mapLastVisibleDocLine="-1" mapNbLine="-1" mapHigherPos="-1" mapWidth="-1" mapHeight="-1" mapKByteInDoc="1149583360" mapWrapIndentMode="-1" mapIsWrap="no" />
            <File firstVisibleLine="31" xOffset="0" scrollWidth="8788" startPos="3558" endPos="3558" selMode="0" offset="0" wrapCount="1" lang="Normal Text" encoding="-1" userReadOnly="no" filename="C:\Users\sabhijit\Downloads\Log_1603291385.txt" backupFilePath="C:\Users\sabhijit\AppData\Roaming\Notepad++\backup\Log_1603291385.txt@2020-10-21_210201" originalFileLastModifTimestamp="1504003279" originalFileLastModifTimestampHigh="30844856" mapFirstVisibleDisplayLine="-1" mapFirstVisibleDocLine="-1" mapLastVisibleDocLine="-1" mapNbLine="-1" mapHigherPos="-1" mapWidth="-1" mapHeight="-1" mapKByteInDoc="1148583936" mapWrapIndentMode="-1" mapIsWrap="no" />
            <File firstVisibleLine="0" xOffset="0" scrollWidth="8788" startPos="165" endPos="0" selMode="0" offset="0" wrapCount="1" lang="Normal Text" encoding="-1" userReadOnly="no" filename="new 6" backupFilePath="C:\Users\sabhijit\AppData\Roaming\Notepad++\backup\new 6@2020-10-21_210208" originalFileLastModifTimestamp="0" originalFileLastModifTimestampHigh="0" mapFirstVisibleDisplayLine="-1" mapFirstVisibleDocLine="-1" mapLastVisibleDocLine="-1" mapNbLine="-1" mapHigherPos="-1" mapWidth="-1" mapHeight="-1" mapKByteInDoc="1148583936" mapWrapIndentMode="-1" mapIsWrap="no" />
            <File firstVisibleLine="0" xOffset="0" scrollWidth="1440" startPos="319" endPos="0" selMode="0" offset="0" wrapCount="1" lang="Normal Text" encoding="-1" userReadOnly="no" filename="new 3" backupFilePath="C:\Users\sabhijit\AppData\Roaming\Notepad++\backup\new 3@2020-10-25_155806" originalFileLastModifTimestamp="0" originalFileLastModifTimestampHigh="0" mapFirstVisibleDisplayLine="-1" mapFirstVisibleDocLine="-1" mapLastVisibleDocLine="-1" mapNbLine="-1" mapHigherPos="-1" mapWidth="-1" mapHeight="-1" mapKByteInDoc="0" mapWrapIndentMode="-1" mapIsWrap="no" />
            <File firstVisibleLine="0" xOffset="0" scrollWidth="5628" startPos="511" endPos="517" selMode="0" offset="0" wrapCount="1" lang="Normal Text" encoding="-1" userReadOnly="no" filename="C:\Users\sabhijit\Downloads\npp.7.9.portable.x64\readme.txt" backupFilePath="" originalFileLastModifTimestamp="-593235055" originalFileLastModifTimestampHigh="30786075" mapFirstVisibleDisplayLine="-1" mapFirstVisibleDocLine="-1" mapLastVisibleDocLine="-1" mapNbLine="-1" mapHigherPos="-1" mapWidth="-1" mapHeight="-1" mapKByteInDoc="-411048816" mapWrapIndentMode="-1" mapIsWrap="no" />
            <File firstVisibleLine="37217" xOffset="0" scrollWidth="1176" startPos="1810638" endPos="1810650" selMode="0" offset="0" wrapCount="1" lang="Normal Text" encoding="-1" userReadOnly="no" filename="F:\documents\log_my_setup.txt" backupFilePath="" originalFileLastModifTimestamp="1688966919" originalFileLastModifTimestampHigh="30808032" mapFirstVisibleDisplayLine="-1" mapFirstVisibleDocLine="-1" mapLastVisibleDocLine="-1" mapNbLine="-1" mapHigherPos="-1" mapWidth="-1" mapHeight="-1" mapKByteInDoc="0" mapWrapIndentMode="-1" mapIsWrap="no" />
            <File firstVisibleLine="0" xOffset="0" scrollWidth="528" startPos="44" endPos="44" selMode="0" offset="0" wrapCount="44" lang="Normal Text" encoding="-1" userReadOnly="no" filename="new 1" backupFilePath="C:\Users\sabhijit\AppData\Roaming\Notepad++\backup\new 1@2020-10-25_164046" originalFileLastModifTimestamp="0" originalFileLastModifTimestampHigh="0" mapFirstVisibleDisplayLine="-1" mapFirstVisibleDocLine="-1" mapLastVisibleDocLine="-1" mapNbLine="-1" mapHigherPos="-1" mapWidth="-1" mapHeight="-1" mapKByteInDoc="1148583936" mapWrapIndentMode="-1" mapIsWrap="no" />
            <File firstVisibleLine="0" xOffset="0" scrollWidth="1416" startPos="656" endPos="661" selMode="0" offset="0" wrapCount="1" lang="Normal Text" encoding="-1" userReadOnly="no" filename="C:\Program Files\Notepad++\change.log" backupFilePath="" originalFileLastModifTimestamp="-1937088768" originalFileLastModifTimestampHigh="30839282" mapFirstVisibleDisplayLine="-1" mapFirstVisibleDocLine="-1" mapLastVisibleDocLine="-1" mapNbLine="-1" mapHigherPos="-1" mapWidth="-1" mapHeight="-1" mapKByteInDoc="1027423549" mapWrapIndentMode="-1" mapIsWrap="no" />
        </mainView>
        <subView activeIndex="0" />
    </Session>
</NotepadPlus>
